method,MAE,RMSE,Coverage_95,Mean_Width,Mean_Log_Pred,Mean_ESS,N_arms
EqualWeight,0.16658812396689504,0.20029190620850523,0.9714285714285714,0.8121975922158786,-5.06952575717334,4.223339207097648,35
KG-DAP,0.12566816014740936,0.1558822974920863,0.9428571428571428,0.7879536469067846,-5.02765356278941,5.5894485712843744,35
Pooled,0.17987998542418826,0.20733097724780394,0.02857142857142857,0.02042125655072076,-30.59581844111469,9075.142857142542,35
Uniform,0.16079531436370478,0.1963950150735618,1.0,0.9499999955296516,-5.335626915692873,2.000000000000001,35
rMAP,0.16967316491865964,0.20094402493821367,0.8857142857142857,0.7776341106210436,-5.179156392159256,5.596494119559835,35
