method,MSE_clean,MSE_contaminated,robustness_ratio,MSE_change_pct
BHM,0.04060156303167125,0.039860172434536545,1.0185997839912084,-1.8260149161163637
Full Pooling,0.04297762566848954,0.0420214743870796,1.0227538727604457,-2.224765250610327
KG-CAR,0.03823288114258979,0.0377934529851161,1.011627097361195,-1.1493461762267985
KG-PP,0.03899588687980266,0.038401191904512445,1.0154863676306967,-1.5250197466293036
No Borrowing,0.03882918896780292,0.03882918896780292,1.0,0.0
rMAP,0.040609249168514557,0.039875302367836526,1.0184060497876006,-1.8073390070138966
